"deviceFirst":"10001","deviceSecond":"","stationNO":"10001","stationName":"H1","stationCenter":"上衣缝制二线","stationType":"缝制工位","section":"小部件2
"deviceFirst":"10002","deviceSecond":"","stationNO":"10002","stationName":"H2","stationCenter":"上衣缝制二线","stationType":"缝制工位","section":"小部件2
"deviceFirst":"10003","deviceSecond":"","stationNO":"10003","stationName":"H3","stationCenter":"上衣缝制二线","stationType":"缝制工位","section":"小部件2
"deviceFirst":"10004","deviceSecond":"","stationNO":"10004","stationName":"H4B","stationCenter":"上衣缝制二线","stationType":"缝制工位","section":"小部件2
"deviceFirst":"10005","deviceSecond":"","stationNO":"10005","stationName":"H5","stationCenter":"上衣缝制二线","stationType":"缝制工位","section":"小部件2
"deviceFirst":"10006","deviceSecond":"","stationNO":"10006","stationName":"H6","stationCenter":"上衣缝制二线","stationType":"缝制工位","section":"小部件2
"deviceFirst":"10007","deviceSecond":"","stationNO":"10007","stationName":"H7","stationCenter":"上衣缝制二线","stationType":"缝制工位","section":"小部件2
"deviceFirst":"10008","deviceSecond":"","stationNO":"10008","stationName":"X1","stationCenter":"上衣缝制二线","stationType":"缝制工位","section":"小部件2
"deviceFirst":"10009","deviceSecond":"","stationNO":"10009","stationName":"LN1B","stationCenter":"上衣缝制二线","stationType":"缝制工位","section":"小部件2
"deviceFirst":"10010","deviceSecond":"","stationNO":"10010","stationName":"LN2","stationCenter":"上衣缝制二线","stationType":"缝制工位","section":"小部件2
"deviceFirst":"10011","deviceSecond":"","stationNO":"10011","stationName":"LN3B","stationCenter":"上衣缝制二线","stationType":"缝制工位","section":"小部件2
"deviceFirst":"10012","deviceSecond":"","stationNO":"10012","stationName":"X2","stationCenter":"上衣缝制二线","stationType":"缝制工位","section":"小部件2
"deviceFirst":"10013","deviceSecond":"","stationNO":"10013","stationName":"X3","stationCenter":"上衣缝制二线","stationType":"缝制工位","section":"小部件2
"deviceFirst":"10014","deviceSecond":"","stationNO":"10014","stationName":"X4","stationCenter":"上衣缝制二线","stationType":"缝制工位","section":"小部件2
"deviceFirst":"10015","deviceSecond":"","stationNO":"10015","stationName":"X5","stationCenter":"上衣缝制二线","stationType":"缝制工位","section":"小部件2
"deviceFirst":"10016","deviceSecond":"","stationNO":"10016","stationName":"X6","stationCenter":"上衣缝制二线","stationType":"缝制工位","section":"小部件2
"deviceFirst":"10017","deviceSecond":"","stationNO":"10017","stationName":"X7","stationCenter":"上衣缝制二线","stationType":"缝制工位","section":"小部件2
"deviceFirst":"10018","deviceSecond":"","stationNO":"10018","stationName":"X8","stationCenter":"上衣缝制二线","stationType":"缝制工位","section":"小部件2
"deviceFirst":"10019","deviceSecond":"","stationNO":"10019","stationName":"X9","stationCenter":"上衣缝制二线","stationType":"缝制工位","section":"小部件2
"deviceFirst":"10020","deviceSecond":"","stationNO":"10020","stationName":"X10","stationCenter":"上衣缝制二线","stationType":"缝制工位","section":"小部件2
"deviceFirst":"10021","deviceSecond":"","stationNO":"10021","stationName":"X11","stationCenter":"上衣缝制二线","stationType":"缝制工位","section":"小部件2
"deviceFirst":"10022","deviceSecond":"","stationNO":"10022","stationName":"X12","stationCenter":"上衣缝制二线","stationType":"缝制工位","section":"小部件2
"deviceFirst":"10023","deviceSecond":"","stationNO":"10023","stationName":"X13","stationCenter":"上衣缝制二线","stationType":"缝制工位","section":"小部件2
"deviceFirst":"10024","deviceSecond":"","stationNO":"10024","stationName":"X14","stationCenter":"上衣缝制二线","stationType":"缝制工位","section":"小部件2
"deviceFirst":"10026","deviceSecond":"10025","stationNO":"10026","stationName":"X15J","stationCenter":"上衣缝制二线","stationType":"中段抽检","section":"小部件2
"deviceFirst":"1100","deviceSecond":"","stationNO":"1100","stationName":"1100","stationCenter":"上衣缝制一线","stationType":"","section":"大部件1
"deviceFirst":"11001","deviceSecond":"","stationNO":"11001","stationName":"配对缓存","stationCenter":"上衣缝制二线","stationType":"","section":"上衣裁片配对缓存区2
"deviceFirst":"11002","deviceSecond":"","stationNO":"11002","stationName":"配对缓存","stationCenter":"上衣缝制二线","stationType":"","section":"上衣裁片配对缓存区2
"deviceFirst":"11003","deviceSecond":"","stationNO":"11003","stationName":"配对缓存","stationCenter":"上衣缝制二线","stationType":"","section":"上衣裁片配对缓存区2
"deviceFirst":"11004","deviceSecond":"","stationNO":"11004","stationName":"配对缓存","stationCenter":"上衣缝制二线","stationType":"","section":"上衣裁片配对缓存区2
"deviceFirst":"11005","deviceSecond":"","stationNO":"11005","stationName":"配对缓存","stationCenter":"上衣缝制二线","stationType":"","section":"上衣裁片配对缓存区2
"deviceFirst":"11006","deviceSecond":"","stationNO":"11006","stationName":"配对缓存","stationCenter":"上衣缝制二线","stationType":"","section":"上衣裁片配对缓存区2
"deviceFirst":"12002","deviceSecond":"12001","stationNO":"12002","stationName":"配对站1","stationCenter":"上衣缝制二线","stationType":"裁片配对","section":"上衣组合缝制2
"deviceFirst":"12004","deviceSecond":"12003","stationNO":"12004","stationName":"配对站2","stationCenter":"上衣缝制二线","stationType":"裁片配对","section":"上衣组合缝制2
"deviceFirst":"13001","deviceSecond":"","stationNO":"13001","stationName":"Z1","stationCenter":"上衣缝制二线","stationType":"缝制工位","section":"上衣组合缝制2
"deviceFirst":"13002","deviceSecond":"","stationNO":"13002","stationName":"Z2","stationCenter":"上衣缝制二线","stationType":"缝制工位","section":"上衣组合缝制2
"deviceFirst":"13003","deviceSecond":"","stationNO":"13003","stationName":"Z3","stationCenter":"上衣缝制二线","stationType":"缝制工位","section":"上衣组合缝制2
"deviceFirst":"13004","deviceSecond":"","stationNO":"13004","stationName":"Z4","stationCenter":"上衣缝制二线","stationType":"缝制工位","section":"上衣组合缝制2
"deviceFirst":"14001","deviceSecond":"","stationNO":"14001","stationName":"Z5","stationCenter":"上衣缝制二线","stationType":"缝制工位","section":"上衣组合缝制2
"deviceFirst":"14002","deviceSecond":"","stationNO":"14002","stationName":"Z6","stationCenter":"上衣缝制二线","stationType":"缝制工位","section":"上衣组合缝制2
"deviceFirst":"14003","deviceSecond":"","stationNO":"14003","stationName":"Z7","stationCenter":"上衣缝制二线","stationType":"缝制工位","section":"上衣组合缝制2
"deviceFirst":"14004","deviceSecond":"","stationNO":"14004","stationName":"Z8","stationCenter":"上衣缝制二线","stationType":"缝制工位","section":"上衣组合缝制2
"deviceFirst":"14005","deviceSecond":"","stationNO":"14005","stationName":"Z9","stationCenter":"上衣缝制二线","stationType":"缝制工位","section":"上衣组合缝制2
"deviceFirst":"14006","deviceSecond":"","stationNO":"14006","stationName":"Z10","stationCenter":"上衣缝制二线","stationType":"缝制工位","section":"上衣组合缝制2
"deviceFirst":"14007","deviceSecond":"","stationNO":"14007","stationName":"Z11","stationCenter":"上衣缝制二线","stationType":"缝制工位","section":"上衣组合缝制2
"deviceFirst":"14008","deviceSecond":"","stationNO":"14008","stationName":"Z12B","stationCenter":"上衣缝制二线","stationType":"缝制工位","section":"上衣组合缝制2
"deviceFirst":"14009","deviceSecond":"","stationNO":"14009","stationName":"Z13","stationCenter":"上衣缝制二线","stationType":"缝制工位","section":"上衣组合缝制2
"deviceFirst":"14010","deviceSecond":"","stationNO":"14010","stationName":"Z14","stationCenter":"上衣缝制二线","stationType":"缝制工位","section":"上衣组合缝制2
"deviceFirst":"14011","deviceSecond":"","stationNO":"14011","stationName":"Z15","stationCenter":"上衣缝制二线","stationType":"缝制工位","section":"上衣组合缝制2
"deviceFirst":"14012","deviceSecond":"","stationNO":"14012","stationName":"Z16","stationCenter":"上衣缝制二线","stationType":"缝制工位","section":"上衣组合缝制2
"deviceFirst":"14013","deviceSecond":"","stationNO":"14013","stationName":"Z17","stationCenter":"上衣缝制二线","stationType":"缝制工位","section":"上衣组合缝制2
"deviceFirst":"14014","deviceSecond":"","stationNO":"14014","stationName":"Z18","stationCenter":"上衣缝制二线","stationType":"缝制工位","section":"上衣组合缝制2
"deviceFirst":"14015","deviceSecond":"","stationNO":"14015","stationName":"Z19","stationCenter":"上衣缝制二线","stationType":"缝制工位","section":"上衣组合缝制2
"deviceFirst":"14016","deviceSecond":"","stationNO":"14016","stationName":"Z20","stationCenter":"上衣缝制二线","stationType":"缝制工位","section":"上衣组合缝制2
"deviceFirst":"14017","deviceSecond":"","stationNO":"14017","stationName":"Z21","stationCenter":"上衣缝制二线","stationType":"缝制工位","section":"上衣组合缝制2
"deviceFirst":"14018","deviceSecond":"","stationNO":"14018","stationName":"Z22","stationCenter":"上衣缝制二线","stationType":"缝制工位","section":"上衣组合缝制2
"deviceFirst":"14019","deviceSecond":"","stationNO":"14019","stationName":"Z23","stationCenter":"上衣缝制二线","stationType":"缝制工位","section":"上衣组合缝制2
"deviceFirst":"14020","deviceSecond":"","stationNO":"14020","stationName":"Z24","stationCenter":"上衣缝制二线","stationType":"缝制工位","section":"上衣组合缝制2
"deviceFirst":"14021","deviceSecond":"","stationNO":"14021","stationName":"Z25","stationCenter":"上衣缝制二线","stationType":"缝制工位","section":"上衣组合缝制2
"deviceFirst":"14022","deviceSecond":"","stationNO":"14022","stationName":"Z26","stationCenter":"上衣缝制二线","stationType":"缝制工位","section":"上衣组合缝制2
"deviceFirst":"14023","deviceSecond":"","stationNO":"14023","stationName":"Z27","stationCenter":"上衣缝制二线","stationType":"缝制工位","section":"上衣组合缝制2
"deviceFirst":"14024","deviceSecond":"","stationNO":"14024","stationName":"Z28","stationCenter":"上衣缝制二线","stationType":"缝制工位","section":"上衣组合缝制2
"deviceFirst":"14025","deviceSecond":"","stationNO":"14025","stationName":"Z29","stationCenter":"上衣缝制二线","stationType":"缝制工位","section":"上衣组合缝制2
"deviceFirst":"14026","deviceSecond":"","stationNO":"14026","stationName":"Z30","stationCenter":"上衣缝制二线","stationType":"缝制工位","section":"上衣组合缝制2
"deviceFirst":"14027","deviceSecond":"","stationNO":"14027","stationName":"Z31B","stationCenter":"上衣缝制二线","stationType":"缝制工位","section":"上衣组合缝制2
"deviceFirst":"14028","deviceSecond":"","stationNO":"14028","stationName":"Z32","stationCenter":"上衣缝制二线","stationType":"缝制工位","section":"上衣组合缝制2
"deviceFirst":"14029","deviceSecond":"","stationNO":"14029","stationName":"Z33","stationCenter":"上衣缝制二线","stationType":"缝制工位","section":"上衣组合缝制2
"deviceFirst":"14030","deviceSecond":"","stationNO":"14030","stationName":"Z34","stationCenter":"上衣缝制二线","stationType":"缝制工位","section":"上衣组合缝制2
"deviceFirst":"14031","deviceSecond":"","stationNO":"14031","stationName":"Z35","stationCenter":"上衣缝制二线","stationType":"缝制工位","section":"上衣组合缝制2
"deviceFirst":"14032","deviceSecond":"","stationNO":"14032","stationName":"Z36","stationCenter":"上衣缝制二线","stationType":"缝制工位","section":"上衣组合缝制2
"deviceFirst":"14033","deviceSecond":"","stationNO":"14033","stationName":"Z37","stationCenter":"上衣缝制二线","stationType":"缝制工位","section":"上衣组合缝制2
"deviceFirst":"14035","deviceSecond":"14034","stationNO":"14035","stationName":"Z38J","stationCenter":"上衣缝制二线","stationType":"中段全检","section":"上衣组合缝制2
"deviceFirst":"14036","deviceSecond":"","stationNO":"14036","stationName":"Z39","stationCenter":"上衣缝制二线","stationType":"缝制工位","section":"上衣组合缝制2
"deviceFirst":"14037","deviceSecond":"","stationNO":"14037","stationName":"Z40","stationCenter":"上衣缝制二线","stationType":"缝制工位","section":"上衣组合缝制2
"deviceFirst":"14038","deviceSecond":"","stationNO":"14038","stationName":"Z41","stationCenter":"上衣缝制二线","stationType":"缝制工位","section":"上衣组合缝制2
"deviceFirst":"14040","deviceSecond":"14039","stationNO":"14040","stationName":"Z42J","stationCenter":"上衣缝制二线","stationType":"中段全检","section":"上衣组合缝制2
"deviceFirst":"14041","deviceSecond":"","stationNO":"14041","stationName":"Z43","stationCenter":"上衣缝制二线","stationType":"缝制工位","section":"上衣组合缝制2
"deviceFirst":"14042","deviceSecond":"","stationNO":"14042","stationName":"Z44","stationCenter":"上衣缝制二线","stationType":"缝制工位","section":"上衣组合缝制2
"deviceFirst":"14043","deviceSecond":"","stationNO":"14043","stationName":"Z45","stationCenter":"上衣缝制二线","stationType":"缝制工位","section":"上衣组合缝制2
"deviceFirst":"14044","deviceSecond":"","stationNO":"14044","stationName":"Z46","stationCenter":"上衣缝制二线","stationType":"缝制工位","section":"上衣组合缝制2
"deviceFirst":"14045","deviceSecond":"","stationNO":"14045","stationName":"Z47","stationCenter":"上衣缝制二线","stationType":"缝制工位","section":"上衣组合缝制2
"deviceFirst":"14046","deviceSecond":"","stationNO":"14046","stationName":"Z48B","stationCenter":"上衣缝制二线","stationType":"缝制工位","section":"上衣组合缝制2
"deviceFirst":"14047","deviceSecond":"","stationNO":"14047","stationName":"Z49","stationCenter":"上衣缝制二线","stationType":"缝制工位","section":"上衣组合缝制2
"deviceFirst":"14048","deviceSecond":"","stationNO":"14048","stationName":"Z50","stationCenter":"上衣缝制二线","stationType":"缝制工位","section":"上衣组合缝制2
"deviceFirst":"14049","deviceSecond":"","stationNO":"14049","stationName":"Z51","stationCenter":"上衣缝制二线","stationType":"缝制工位","section":"上衣组合缝制2
"deviceFirst":"14050","deviceSecond":"","stationNO":"14050","stationName":"Z52","stationCenter":"上衣缝制二线","stationType":"缝制工位","section":"上衣组合缝制2
"deviceFirst":"14051","deviceSecond":"","stationNO":"14051","stationName":"Z53","stationCenter":"上衣缝制二线","stationType":"缝制工位","section":"上衣组合缝制2
"deviceFirst":"14052","deviceSecond":"","stationNO":"14052","stationName":"Z54","stationCenter":"上衣缝制二线","stationType":"缝制工位","section":"上衣组合缝制2
"deviceFirst":"14053","deviceSecond":"","stationNO":"14053","stationName":"Z55","stationCenter":"上衣缝制二线","stationType":"缝制工位","section":"上衣组合缝制2
"deviceFirst":"14054","deviceSecond":"","stationNO":"14054","stationName":"Z56B","stationCenter":"上衣缝制二线","stationType":"返修","section":"上衣组合缝制2
"deviceFirst":"14056","deviceSecond":"14055","stationNO":"14056","stationName":"Z57J","stationCenter":"上衣缝制二线","stationType":"半成品质检","section":"上衣组合缝制2
"deviceFirst":"14058","deviceSecond":"14057","stationNO":"14058","stationName":"Z58J","stationCenter":"上衣缝制二线","stationType":"返工","section":"上衣组合缝制2
"deviceFirst":"14059","deviceSecond":"","stationNO":"14059","stationName":"Z59","stationCenter":"上衣缝制二线","stationType":"缝制工位","section":"上衣组合缝制2
"deviceFirst":"15001","deviceSecond":"","stationNO":"15001","stationName":"上站位Q1","stationCenter":"裤子缝制","stationType":"裤子缝制-上吊挂","section":"裤子上架
"deviceFirst":"15002","deviceSecond":"","stationNO":"15002","stationName":"Q2","stationCenter":"裤子缝制","stationType":"缝制工位","section":"裤子缝制
"deviceFirst":"15003","deviceSecond":"","stationNO":"15003","stationName":"Q3","stationCenter":"裤子缝制","stationType":"缝制工位","section":"裤子缝制
"deviceFirst":"15004","deviceSecond":"","stationNO":"15004","stationName":"Q4","stationCenter":"裤子缝制","stationType":"缝制工位","section":"裤子缝制
"deviceFirst":"15005","deviceSecond":"","stationNO":"15005","stationName":"Q5","stationCenter":"裤子缝制","stationType":"缝制工位","section":"裤子缝制
"deviceFirst":"15006","deviceSecond":"","stationNO":"15006","stationName":"Q6","stationCenter":"裤子缝制","stationType":"缝制工位","section":"裤子缝制
"deviceFirst":"15007","deviceSecond":"","stationNO":"15007","stationName":"Q7","stationCenter":"裤子缝制","stationType":"缝制工位","section":"裤子缝制
"deviceFirst":"15008","deviceSecond":"","stationNO":"15008","stationName":"Q8B","stationCenter":"裤子缝制","stationType":"缝制工位","section":"裤子缝制
"deviceFirst":"15009","deviceSecond":"","stationNO":"15009","stationName":"Q9B","stationCenter":"裤子缝制","stationType":"缝制工位","section":"裤子缝制
"deviceFirst":"15010","deviceSecond":"","stationNO":"15010","stationName":"Q10B","stationCenter":"裤子缝制","stationType":"缝制工位","section":"裤子缝制
"deviceFirst":"15011","deviceSecond":"","stationNO":"15011","stationName":"H1","stationCenter":"裤子缝制","stationType":"缝制工位","section":"裤子缝制
"deviceFirst":"15012","deviceSecond":"","stationNO":"15012","stationName":"H2","stationCenter":"裤子缝制","stationType":"缝制工位","section":"裤子缝制
"deviceFirst":"15013","deviceSecond":"","stationNO":"15013","stationName":"H3","stationCenter":"裤子缝制","stationType":"缝制工位","section":"裤子缝制
"deviceFirst":"15014","deviceSecond":"","stationNO":"15014","stationName":"H4","stationCenter":"裤子缝制","stationType":"缝制工位","section":"裤子缝制
"deviceFirst":"15015","deviceSecond":"","stationNO":"15015","stationName":"H5","stationCenter":"裤子缝制","stationType":"缝制工位","section":"裤子缝制
"deviceFirst":"15016","deviceSecond":"","stationNO":"15016","stationName":"H6","stationCenter":"裤子缝制","stationType":"缝制工位","section":"裤子缝制
"deviceFirst":"15017","deviceSecond":"","stationNO":"15017","stationName":"H7","stationCenter":"裤子缝制","stationType":"缝制工位","section":"裤子缝制
"deviceFirst":"15018","deviceSecond":"","stationNO":"15018","stationName":"H8","stationCenter":"裤子缝制","stationType":"缝制工位","section":"裤子缝制
"deviceFirst":"15019","deviceSecond":"","stationNO":"15019","stationName":"H9","stationCenter":"裤子缝制","stationType":"缝制工位","section":"裤子缝制
"deviceFirst":"15020","deviceSecond":"","stationNO":"15020","stationName":"H10","stationCenter":"裤子缝制","stationType":"缝制工位","section":"裤子缝制
"deviceFirst":"15021","deviceSecond":"","stationNO":"15021","stationName":"H11","stationCenter":"裤子缝制","stationType":"缝制工位","section":"裤子缝制
"deviceFirst":"15022","deviceSecond":"","stationNO":"15022","stationName":"H12","stationCenter":"裤子缝制","stationType":"缝制工位","section":"裤子缝制
"deviceFirst":"16001","deviceSecond":"","stationNO":"16001","stationName":"Z1","stationCenter":"裤子缝制","stationType":"缝制工位","section":"裤子缝制
"deviceFirst":"16002","deviceSecond":"","stationNO":"16002","stationName":"Z2","stationCenter":"裤子缝制","stationType":"缝制工位","section":"裤子缝制
"deviceFirst":"16003","deviceSecond":"","stationNO":"16003","stationName":"Z3B","stationCenter":"裤子缝制","stationType":"缝制工位","section":"裤子缝制
"deviceFirst":"16004","deviceSecond":"","stationNO":"16004","stationName":"Z4","stationCenter":"裤子缝制","stationType":"缝制工位","section":"裤子缝制
"deviceFirst":"16005","deviceSecond":"","stationNO":"16005","stationName":"Z5B","stationCenter":"裤子缝制","stationType":"缝制工位","section":"裤子缝制
"deviceFirst":"16006","deviceSecond":"","stationNO":"16006","stationName":"Z6","stationCenter":"裤子缝制","stationType":"缝制工位","section":"裤子缝制
"deviceFirst":"16007","deviceSecond":"","stationNO":"16007","stationName":"Z7","stationCenter":"裤子缝制","stationType":"缝制工位","section":"裤子缝制
"deviceFirst":"16008","deviceSecond":"","stationNO":"16008","stationName":"Z8","stationCenter":"裤子缝制","stationType":"缝制工位","section":"裤子缝制
"deviceFirst":"16009","deviceSecond":"","stationNO":"16009","stationName":"Z9","stationCenter":"裤子缝制","stationType":"缝制工位","section":"裤子缝制
"deviceFirst":"16010","deviceSecond":"","stationNO":"16010","stationName":"Z10","stationCenter":"裤子缝制","stationType":"缝制工位","section":"裤子缝制
"deviceFirst":"16011","deviceSecond":"","stationNO":"16011","stationName":"Z11","stationCenter":"裤子缝制","stationType":"缝制工位","section":"裤子缝制
"deviceFirst":"16012","deviceSecond":"","stationNO":"16012","stationName":"Z12","stationCenter":"裤子缝制","stationType":"缝制工位","section":"裤子缝制
"deviceFirst":"16013","deviceSecond":"","stationNO":"16013","stationName":"Z13","stationCenter":"裤子缝制","stationType":"缝制工位","section":"裤子缝制
"deviceFirst":"16014","deviceSecond":"","stationNO":"16014","stationName":"Z14B","stationCenter":"裤子缝制","stationType":"缝制工位","section":"裤子缝制
"deviceFirst":"16015","deviceSecond":"","stationNO":"16015","stationName":"Z15","stationCenter":"裤子缝制","stationType":"缝制工位","section":"裤子缝制
"deviceFirst":"16016","deviceSecond":"","stationNO":"16016","stationName":"Z16","stationCenter":"裤子缝制","stationType":"缝制工位","section":"裤子缝制
"deviceFirst":"16017","deviceSecond":"","stationNO":"16017","stationName":"Z17","stationCenter":"裤子缝制","stationType":"缝制工位","section":"裤子缝制
"deviceFirst":"16018","deviceSecond":"","stationNO":"16018","stationName":"Z18","stationCenter":"裤子缝制","stationType":"缝制工位","section":"裤子缝制
"deviceFirst":"16019","deviceSecond":"","stationNO":"16019","stationName":"Z19B","stationCenter":"裤子缝制","stationType":"成品质检","section":"裤子缝制
"deviceFirst":"16020","deviceSecond":"","stationNO":"16020","stationName":"Z20","stationCenter":"裤子缝制","stationType":"缝制工位","section":"裤子缝制
"deviceFirst":"16021","deviceSecond":"","stationNO":"16021","stationName":"Z21","stationCenter":"裤子缝制","stationType":"缝制工位","section":"裤子缝制
"deviceFirst":"16022","deviceSecond":"","stationNO":"16022","stationName":"Z22","stationCenter":"裤子缝制","stationType":"缝制工位","section":"裤子缝制
"deviceFirst":"16023","deviceSecond":"","stationNO":"16023","stationName":"Z23B","stationCenter":"裤子缝制","stationType":"缝制工位","section":"裤子缝制
"deviceFirst":"16024","deviceSecond":"","stationNO":"16024","stationName":"Z24","stationCenter":"裤子缝制","stationType":"缝制工位","section":"裤子缝制
"deviceFirst":"16025","deviceSecond":"","stationNO":"16025","stationName":"Z25","stationCenter":"裤子缝制","stationType":"缝制工位","section":"裤子缝制
"deviceFirst":"16026","deviceSecond":"","stationNO":"16026","stationName":"Z26","stationCenter":"裤子缝制","stationType":"缝制工位","section":"裤子缝制
"deviceFirst":"16027","deviceSecond":"","stationNO":"16027","stationName":"Z27","stationCenter":"裤子缝制","stationType":"缝制工位","section":"裤子缝制
"deviceFirst":"16028","deviceSecond":"","stationNO":"16028","stationName":"Z28","stationCenter":"裤子缝制","stationType":"缝制工位","section":"裤子缝制
"deviceFirst":"16029","deviceSecond":"","stationNO":"16029","stationName":"Z29","stationCenter":"裤子缝制","stationType":"缝制工位","section":"裤子缝制
"deviceFirst":"16030","deviceSecond":"","stationNO":"16030","stationName":"Z30","stationCenter":"裤子缝制","stationType":"缝制工位","section":"裤子缝制
"deviceFirst":"16031","deviceSecond":"","stationNO":"16031","stationName":"Z31","stationCenter":"裤子缝制","stationType":"缝制工位","section":"裤子缝制
"deviceFirst":"16033","deviceSecond":"16032","stationNO":"16032","stationName":"Z32J","stationCenter":"裤子缝制","stationType":"半成品质检","section":"裤子缝制
"deviceFirst":"16035","deviceSecond":"16034","stationNO":"16034","stationName":"Z33J","stationCenter":"裤子缝制","stationType":"半成品质检","section":"裤子缝制
"deviceFirst":"16036","deviceSecond":"","stationNO":"16036","stationName":"Z34","stationCenter":"裤子缝制","stationType":"返工","section":"裤子缝制
"deviceFirst":"17001","deviceSecond":"","stationNO":"17001","stationName":"后道缓存","stationCenter":"裤子整烫","stationType":"","section":"裤子缓存区
"deviceFirst":"17002","deviceSecond":"","stationNO":"17002","stationName":"后道缓存","stationCenter":"裤子整烫","stationType":"","section":"裤子缓存区
"deviceFirst":"17003","deviceSecond":"","stationNO":"17003","stationName":"后道缓存","stationCenter":"裤子整烫","stationType":"","section":"裤子缓存区
"deviceFirst":"17004","deviceSecond":"","stationNO":"17004","stationName":"后道缓存","stationCenter":"裤子整烫","stationType":"","section":"裤子缓存区
"deviceFirst":"17005","deviceSecond":"","stationNO":"17005","stationName":"后道缓存","stationCenter":"裤子整烫","stationType":"","section":"裤子缓存区
"deviceFirst":"17006","deviceSecond":"","stationNO":"17006","stationName":"后道缓存","stationCenter":"裤子整烫","stationType":"","section":"裤子缓存区
"deviceFirst":"19002","deviceSecond":"19001","stationNO":"19001","stationName":"K1+","stationCenter":"裤子整烫","stationType":"后道下架控制","section":"裤子整烫
"deviceFirst":"19004","deviceSecond":"19003","stationNO":"19003","stationName":"K1","stationCenter":"裤子整烫","stationType":"后道下架控制","section":"裤子整烫
"deviceFirst":"19005","deviceSecond":"","stationNO":"19005","stationName":"K2","stationCenter":"裤子整烫","stationType":"大烫工位","section":"裤子整烫
"deviceFirst":"19006","deviceSecond":"","stationNO":"19006","stationName":"K3","stationCenter":"裤子整烫","stationType":"大烫工位","section":"裤子整烫
"deviceFirst":"19007","deviceSecond":"","stationNO":"19007","stationName":"K4","stationCenter":"裤子整烫","stationType":"大烫工位","section":"裤子整烫
"deviceFirst":"19008","deviceSecond":"","stationNO":"19008","stationName":"K5","stationCenter":"裤子整烫","stationType":"大烫工位","section":"裤子整烫
"deviceFirst":"19009","deviceSecond":"","stationNO":"19009","stationName":"K6","stationCenter":"裤子整烫","stationType":"大烫工位","section":"裤子整烫
"deviceFirst":"19010","deviceSecond":"","stationNO":"19010","stationName":"K7","stationCenter":"裤子整烫","stationType":"大烫工位","section":"裤子整烫
"deviceFirst":"19011","deviceSecond":"","stationNO":"19011","stationName":"K8","stationCenter":"裤子整烫","stationType":"大烫工位","section":"裤子整烫
"deviceFirst":"19012","deviceSecond":"","stationNO":"19012","stationName":"K9B","stationCenter":"裤子整烫","stationType":"大烫工位","section":"裤子整烫
"deviceFirst":"19013","deviceSecond":"","stationNO":"19013","stationName":"K10","stationCenter":"裤子整烫","stationType":"大烫工位","section":"裤子整烫
"deviceFirst":"19015","deviceSecond":"19014","stationNO":"19014","stationName":"K11","stationCenter":"裤子整烫","stationType":"成品质检","section":"裤子整烫
"deviceFirst":"19016","deviceSecond":"19017","stationNO":"19016","stationName":"K12","stationCenter":"裤子整烫","stationType":"成品质检","section":"裤子整烫
"deviceFirst":"20100","deviceSecond":"","stationNO":"20100","stationName":"20100","stationCenter":"上衣整烫","stationType":"","section":"
"deviceFirst":"21001","deviceSecond":"","stationNO":"21001","stationName":"21001","stationCenter":"上衣整烫","stationType":"","section":"上衣缓存区
"deviceFirst":"21002","deviceSecond":"","stationNO":"21002","stationName":"21002","stationCenter":"上衣整烫","stationType":"","section":"上衣缓存区
"deviceFirst":"21003","deviceSecond":"","stationNO":"21003","stationName":"21003","stationCenter":"上衣整烫","stationType":"","section":"上衣缓存区
"deviceFirst":"21004","deviceSecond":"","stationNO":"21004","stationName":"21004","stationCenter":"上衣整烫","stationType":"","section":"上衣缓存区
"deviceFirst":"21005","deviceSecond":"","stationNO":"21005","stationName":"21005","stationCenter":"上衣整烫","stationType":"","section":"上衣缓存区
"deviceFirst":"21006","deviceSecond":"","stationNO":"21006","stationName":"21006","stationCenter":"上衣整烫","stationType":"","section":"上衣缓存区
"deviceFirst":"21200","deviceSecond":"","stationNO":"21200","stationName":"21200","stationCenter":"上衣整烫","stationType":"","section":"
"deviceFirst":"22100","deviceSecond":"","stationNO":"22100","stationName":"22100","stationCenter":"上衣整烫","stationType":"","section":"
"deviceFirst":"22200","deviceSecond":"","stationNO":"22200","stationName":"22200","stationCenter":"上衣整烫","stationType":"","section":"
"deviceFirst":"22300","deviceSecond":"","stationNO":"22300","stationName":"22300","stationCenter":"上衣整烫","stationType":"","section":"
"deviceFirst":"22400","deviceSecond":"","stationNO":"22400","stationName":"22400","stationCenter":"上衣整烫","stationType":"","section":"
"deviceFirst":"23100","deviceSecond":"","stationNO":"23100","stationName":"23100","stationCenter":"包装","stationType":"","section":"
"deviceFirst":"23200","deviceSecond":"","stationNO":"23200","stationName":"23200","stationCenter":"包装","stationType":"","section":"
"deviceFirst":"24001","deviceSecond":"","stationNO":"24001","stationName":"24001","stationCenter":"包装","stationType":"","section":"成衣下架缓存区
"deviceFirst":"24002","deviceSecond":"","stationNO":"24002","stationName":"24002","stationCenter":"包装","stationType":"","section":"成衣下架缓存区
"deviceFirst":"24003","deviceSecond":"","stationNO":"24003","stationName":"24003","stationCenter":"包装","stationType":"","section":"成衣下架缓存区
"deviceFirst":"24004","deviceSecond":"","stationNO":"24004","stationName":"24004","stationCenter":"包装","stationType":"","section":"成衣下架缓存区
"deviceFirst":"24005","deviceSecond":"","stationNO":"24005","stationName":"24005","stationCenter":"包装","stationType":"","section":"成衣下架缓存区
"deviceFirst":"24006","deviceSecond":"","stationNO":"24006","stationName":"24006","stationCenter":"包装","stationType":"","section":"成衣下架缓存区
"deviceFirst":"24007","deviceSecond":"","stationNO":"24007","stationName":"24007","stationCenter":"包装","stationType":"","section":"成衣下架缓存区
"deviceFirst":"24008","deviceSecond":"","stationNO":"24008","stationName":"24008","stationCenter":"包装","stationType":"","section":"成衣下架缓存区
"deviceFirst":"24009","deviceSecond":"","stationNO":"24009","stationName":"24009","stationCenter":"包装","stationType":"","section":"成衣下架缓存区
"deviceFirst":"24010","deviceSecond":"","stationNO":"24010","stationName":"24010","stationCenter":"包装","stationType":"","section":"成衣下架缓存区
"deviceFirst":"24011","deviceSecond":"","stationNO":"24011","stationName":"24011","stationCenter":"包装","stationType":"","section":"成衣下架缓存区
"deviceFirst":"24012","deviceSecond":"","stationNO":"24012","stationName":"24012","stationCenter":"包装","stationType":"","section":"成衣下架缓存区
"deviceFirst":"24013","deviceSecond":"","stationNO":"24013","stationName":"24013","stationCenter":"包装","stationType":"","section":"成衣下架缓存区
"deviceFirst":"24014","deviceSecond":"","stationNO":"24014","stationName":"24014","stationCenter":"包装","stationType":"","section":"成衣下架缓存区
"deviceFirst":"24015","deviceSecond":"","stationNO":"24015","stationName":"24015","stationCenter":"包装","stationType":"","section":"成衣下架缓存区
"deviceFirst":"24016","deviceSecond":"","stationNO":"24016","stationName":"24016","stationCenter":"包装","stationType":"","section":"成衣下架缓存区
"deviceFirst":"24017","deviceSecond":"","stationNO":"24017","stationName":"24017","stationCenter":"包装","stationType":"","section":"成衣下架缓存区
"deviceFirst":"24018","deviceSecond":"","stationNO":"24018","stationName":"24018","stationCenter":"包装","stationType":"","section":"成衣下架缓存区
"deviceFirst":"24019","deviceSecond":"","stationNO":"24019","stationName":"24019","stationCenter":"包装","stationType":"","section":"成衣下架缓存区
"deviceFirst":"24020","deviceSecond":"","stationNO":"24020","stationName":"24020","stationCenter":"包装","stationType":"","section":"成衣下架缓存区
"deviceFirst":"24100","deviceSecond":"","stationNO":"24100","stationName":"24100","stationCenter":"包装","stationType":"","section":"成衣下架缓存区
"deviceFirst":"24200","deviceSecond":"","stationNO":"24200","stationName":"24200","stationCenter":"包装","stationType":"","section":"成衣下架缓存区
"deviceFirst":"24300","deviceSecond":"","stationNO":"24300","stationName":"24300","stationCenter":"包装","stationType":"","section":"成衣下架缓存区
"deviceFirst":"25001","deviceSecond":"","stationNO":"25001","stationName":"25001","stationCenter":"包装","stationType":"","section":"成衣下架缓存区
"deviceFirst":"25002","deviceSecond":"","stationNO":"25002","stationName":"25002","stationCenter":"包装","stationType":"","section":"成衣下架缓存区
"deviceFirst":"25003","deviceSecond":"","stationNO":"25003","stationName":"25003","stationCenter":"包装","stationType":"","section":"成衣下架缓存区
"deviceFirst":"25004","deviceSecond":"","stationNO":"25004","stationName":"25004","stationCenter":"包装","stationType":"","section":"成衣下架缓存区
"deviceFirst":"25005","deviceSecond":"","stationNO":"25005","stationName":"25005","stationCenter":"包装","stationType":"","section":"成衣下架缓存区
"deviceFirst":"25006","deviceSecond":"","stationNO":"25006","stationName":"25006","stationCenter":"包装","stationType":"","section":"成衣下架缓存区
"deviceFirst":"25007","deviceSecond":"","stationNO":"25007","stationName":"25007","stationCenter":"包装","stationType":"","section":"成衣下架缓存区
"deviceFirst":"25008","deviceSecond":"","stationNO":"25008","stationName":"25008","stationCenter":"包装","stationType":"","section":"成衣下架缓存区
"deviceFirst":"25009","deviceSecond":"","stationNO":"25009","stationName":"25009","stationCenter":"包装","stationType":"","section":"成衣下架缓存区
"deviceFirst":"25010","deviceSecond":"","stationNO":"25010","stationName":"25010","stationCenter":"包装","stationType":"","section":"成衣下架缓存区
"deviceFirst":"25011","deviceSecond":"","stationNO":"25011","stationName":"25011","stationCenter":"包装","stationType":"","section":"成衣下架缓存区
"deviceFirst":"25012","deviceSecond":"","stationNO":"25012","stationName":"25012","stationCenter":"包装","stationType":"","section":"成衣下架缓存区
"deviceFirst":"25013","deviceSecond":"","stationNO":"25013","stationName":"25013","stationCenter":"包装","stationType":"","section":"成衣下架缓存区
"deviceFirst":"25014","deviceSecond":"","stationNO":"25014","stationName":"25014","stationCenter":"包装","stationType":"","section":"成衣下架缓存区
"deviceFirst":"25015","deviceSecond":"","stationNO":"25015","stationName":"25015","stationCenter":"包装","stationType":"","section":"成衣下架缓存区
"deviceFirst":"25016","deviceSecond":"","stationNO":"25016","stationName":"25016","stationCenter":"包装","stationType":"","section":"成衣下架缓存区
"deviceFirst":"25017","deviceSecond":"","stationNO":"25017","stationName":"25017","stationCenter":"包装","stationType":"","section":"成衣下架缓存区
"deviceFirst":"25018","deviceSecond":"","stationNO":"25018","stationName":"25018","stationCenter":"包装","stationType":"","section":"成衣下架缓存区
"deviceFirst":"25019","deviceSecond":"","stationNO":"25019","stationName":"25019","stationCenter":"包装","stationType":"","section":"成衣下架缓存区
"deviceFirst":"25020","deviceSecond":"","stationNO":"25020","stationName":"25020","stationCenter":"包装","stationType":"","section":"成衣下架缓存区
"deviceFirst":"25401","deviceSecond":"","stationNO":"25401","stationName":"25401","stationCenter":"包装","stationType":"","section":"成衣下架缓存区
"deviceFirst":"25402","deviceSecond":"","stationNO":"25402","stationName":"25402","stationCenter":"包装","stationType":"","section":"成衣下架缓存区
"deviceFirst":"25403","deviceSecond":"","stationNO":"25403","stationName":"25403","stationCenter":"包装","stationType":"","section":"成衣下架缓存区
"deviceFirst":"25404","deviceSecond":"","stationNO":"25404","stationName":"25404","stationCenter":"包装","stationType":"","section":"成衣下架缓存区
"deviceFirst":"26200","deviceSecond":"","stationNO":"26200","stationName":"26200","stationCenter":"包装","stationType":"","section":"成衣下架缓存区
"deviceFirst":"26401","deviceSecond":"","stationNO":"26401","stationName":"26401","stationCenter":"包装","stationType":"","section":"成衣下架缓存区
"deviceFirst":"26402","deviceSecond":"","stationNO":"26402","stationName":"26402","stationCenter":"包装","stationType":"","section":"成衣下架缓存区
"deviceFirst":"26403","deviceSecond":"","stationNO":"26403","stationName":"26403","stationCenter":"包装","stationType":"","section":"成衣下架缓存区
"deviceFirst":"26404","deviceSecond":"","stationNO":"26404","stationName":"26404","stationCenter":"包装","stationType":"","section":"成衣下架缓存区
"deviceFirst":"3100","deviceSecond":"","stationNO":"3100","stationName":"3100","stationCenter":"上衣缝制一线","stationType":"","section":"
"deviceFirst":"3200","deviceSecond":"","stationNO":"3200","stationName":"3200","stationCenter":"上衣缝制一线","stationType":"","section":"
"deviceFirst":"4001","deviceSecond":"","stationNO":"4001","stationName":"4001","stationCenter":"上衣缝制一线","stationType":"","section":"上衣裁片配对缓存区1
"deviceFirst":"4002","deviceSecond":"","stationNO":"4002","stationName":"4002","stationCenter":"上衣缝制一线","stationType":"","section":"上衣裁片配对缓存区1
"deviceFirst":"4003","deviceSecond":"","stationNO":"4003","stationName":"4003","stationCenter":"上衣缝制一线","stationType":"","section":"上衣裁片配对缓存区1
"deviceFirst":"4004","deviceSecond":"","stationNO":"4004","stationName":"4004","stationCenter":"上衣缝制一线","stationType":"","section":"上衣裁片配对缓存区1
"deviceFirst":"4005","deviceSecond":"","stationNO":"4005","stationName":"4005","stationCenter":"上衣缝制一线","stationType":"","section":"上衣裁片配对缓存区1
"deviceFirst":"4006","deviceSecond":"","stationNO":"4006","stationName":"4006","stationCenter":"上衣缝制一线","stationType":"","section":"上衣裁片配对缓存区1
"deviceFirst":"4100","deviceSecond":"","stationNO":"4100","stationName":"4100","stationCenter":"上衣缝制一线","stationType":"","section":"
"deviceFirst":"4200","deviceSecond":"","stationNO":"4200","stationName":"4200","stationCenter":"上衣缝制一线","stationType":"","section":"
"deviceFirst":"5100","deviceSecond":"","stationNO":"5100","stationName":"5100","stationCenter":"上衣缝制一线","stationType":"","section":"
"deviceFirst":"5200","deviceSecond":"","stationNO":"5200","stationName":"5200","stationCenter":"上衣缝制一线","stationType":"","section":"
"deviceFirst":"5300","deviceSecond":"","stationNO":"5300","stationName":"5300","stationCenter":"上衣缝制一线","stationType":"","section":"
"deviceFirst":"5400","deviceSecond":"","stationNO":"5400","stationName":"5400","stationCenter":"上衣缝制一线","stationType":"","section":"
"deviceFirst":"6100","deviceSecond":"","stationNO":"6100","stationName":"6100","stationCenter":"上衣缝制一线","stationType":"","section":"
"deviceFirst":"6200","deviceSecond":"","stationNO":"6200","stationName":"6200","stationCenter":"上衣缝制一线","stationType":"","section":"
"deviceFirst":"7100","deviceSecond":"","stationNO":"7100","stationName":"7100","stationCenter":"上衣缝制一线","stationType":"","section":"
"deviceFirst":"7200","deviceSecond":"","stationNO":"7200","stationName":"7200","stationCenter":"上衣缝制一线","stationType":"","section":"
"deviceFirst":"8001","deviceSecond":"","stationNO":"8001","stationName":"S1","stationCenter":"上衣缝制二线","stationType":"上衣缝制-大部件上吊挂","section":"大部件上架点2
"deviceFirst":"8002","deviceSecond":"","stationNO":"8002","stationName":"S2","stationCenter":"上衣缝制二线","stationType":"上衣缝制-小部件上吊挂","section":"小部件上架点2
"deviceFirst":"9001","deviceSecond":"","stationNO":"9001","stationName":"Q1","stationCenter":"上衣缝制二线","stationType":"缝制工位","section":"大部件2
"deviceFirst":"9002","deviceSecond":"","stationNO":"9002","stationName":"Q2","stationCenter":"上衣缝制二线","stationType":"缝制工位","section":"大部件2
"deviceFirst":"9003","deviceSecond":"","stationNO":"9003","stationName":"Q3","stationCenter":"上衣缝制二线","stationType":"缝制工位","section":"大部件2
"deviceFirst":"9004","deviceSecond":"","stationNO":"9004","stationName":"Q4","stationCenter":"上衣缝制二线","stationType":"缝制工位","section":"大部件2
"deviceFirst":"9005","deviceSecond":"","stationNO":"9005","stationName":"Q5","stationCenter":"上衣缝制二线","stationType":"缝制工位","section":"大部件2
"deviceFirst":"9006","deviceSecond":"","stationNO":"9006","stationName":"Q6B","stationCenter":"上衣缝制二线","stationType":"缝制工位","section":"大部件2
"deviceFirst":"9007","deviceSecond":"","stationNO":"9007","stationName":"Q7","stationCenter":"上衣缝制二线","stationType":"缝制工位","section":"大部件2
"deviceFirst":"9008","deviceSecond":"","stationNO":"9008","stationName":"Q8","stationCenter":"上衣缝制二线","stationType":"缝制工位","section":"大部件2
"deviceFirst":"9009","deviceSecond":"","stationNO":"9009","stationName":"Q9","stationCenter":"上衣缝制二线","stationType":"缝制工位","section":"大部件2
"deviceFirst":"9010","deviceSecond":"","stationNO":"9010","stationName":"Q10","stationCenter":"上衣缝制二线","stationType":"缝制工位","section":"大部件2
"deviceFirst":"9011","deviceSecond":"","stationNO":"9011","stationName":"Q11","stationCenter":"上衣缝制二线","stationType":"缝制工位","section":"大部件2
"deviceFirst":"9012","deviceSecond":"","stationNO":"9012","stationName":"Q12","stationCenter":"上衣缝制二线","stationType":"缝制工位","section":"大部件2
"deviceFirst":"9013","deviceSecond":"","stationNO":"9013","stationName":"Q13","stationCenter":"上衣缝制二线","stationType":"缝制工位","section":"大部件2
"deviceFirst":"9014","deviceSecond":"","stationNO":"9014","stationName":"Q14","stationCenter":"上衣缝制二线","stationType":"缝制工位","section":"大部件2
"deviceFirst":"9015","deviceSecond":"","stationNO":"9015","stationName":"G1","stationCenter":"上衣缝制二线","stationType":"缝制工位","section":"大部件2
"deviceFirst":"9016","deviceSecond":"","stationNO":"9016","stationName":"G2","stationCenter":"上衣缝制二线","stationType":"缝制工位","section":"大部件2
"deviceFirst":"9017","deviceSecond":"","stationNO":"9017","stationName":"G3","stationCenter":"上衣缝制二线","stationType":"缝制工位","section":"大部件2
"deviceFirst":"9018","deviceSecond":"","stationNO":"9018","stationName":"G4","stationCenter":"上衣缝制二线","stationType":"缝制工位","section":"大部件2
"deviceFirst":"9019","deviceSecond":"","stationNO":"9019","stationName":"G5","stationCenter":"上衣缝制二线","stationType":"缝制工位","section":"大部件2
"deviceFirst":"9020","deviceSecond":"","stationNO":"9020","stationName":"G6","stationCenter":"上衣缝制二线","stationType":"缝制工位","section":"大部件2
"deviceFirst":"9021","deviceSecond":"","stationNO":"9021","stationName":"G7","stationCenter":"上衣缝制二线","stationType":"缝制工位","section":"大部件2
"deviceFirst":"9022","deviceSecond":"","stationNO":"9022","stationName":"G8","stationCenter":"上衣缝制二线","stationType":"缝制工位","section":"大部件2
"deviceFirst":"9023","deviceSecond":"","stationNO":"9023","stationName":"G9B","stationCenter":"上衣缝制二线","stationType":"缝制工位","section":"大部件2
"deviceFirst":"9024","deviceSecond":"","stationNO":"9024","stationName":"G10","stationCenter":"上衣缝制二线","stationType":"缝制工位","section":"大部件2
"deviceFirst":"9025","deviceSecond":"","stationNO":"9025","stationName":"G11","stationCenter":"上衣缝制二线","stationType":"缝制工位","section":"大部件2
"deviceFirst":"9026","deviceSecond":"","stationNO":"9026","stationName":"G12","stationCenter":"上衣缝制二线","stationType":"缝制工位","section":"大部件2
"deviceFirst":"9027","deviceSecond":"","stationNO":"9027","stationName":"G13","stationCenter":"上衣缝制二线","stationType":"缝制工位","section":"大部件2
"deviceFirst":"9028","deviceSecond":"","stationNO":"9028","stationName":"G14B","stationCenter":"上衣缝制二线","stationType":"缝制工位","section":"大部件2
"deviceFirst":"9029","deviceSecond":"","stationNO":"9029","stationName":"G15","stationCenter":"上衣缝制二线","stationType":"缝制工位","section":"大部件2
"deviceFirst":"9030","deviceSecond":"","stationNO":"9030","stationName":"G16","stationCenter":"上衣缝制二线","stationType":"缝制工位","section":"大部件2
"deviceFirst":"9031","deviceSecond":"","stationNO":"9031","stationName":"G17","stationCenter":"上衣缝制二线","stationType":"缝制工位","section":"大部件2
"deviceFirst":"9032","deviceSecond":"","stationNO":"9032","stationName":"G18","stationCenter":"上衣缝制二线","stationType":"缝制工位","section":"大部件2
"deviceFirst":"9033","deviceSecond":"","stationNO":"9033","stationName":"G19","stationCenter":"上衣缝制二线","stationType":"缝制工位","section":"大部件2
"deviceFirst":"9034","deviceSecond":"","stationNO":"9034","stationName":"G20","stationCenter":"上衣缝制二线","stationType":"缝制工位","section":"大部件2
"deviceFirst":"9036","deviceSecond":"9035","stationNO":"9036","stationName":"G21J","stationCenter":"上衣缝制二线","stationType":"中段抽检","section":"大部件2
"deviceFirst":"","deviceSecond":"","stationNO":"CJ001","stationName":"CJ001","stationCenter":"裁剪","stationType":"拉布","section":"裁剪
"deviceFirst":"","deviceSecond":"","stationNO":"CJ002","stationName":"CJ002","stationCenter":"裁剪","stationType":"编号显示","section":"裁剪
"deviceFirst":"","deviceSecond":"","stationNO":"CJ003","stationName":"CJ003","stationCenter":"裁剪","stationType":"配片","section":"裁剪
"deviceFirst":"","deviceSecond":"","stationNO":"CJ004","stationName":"CJ004","stationCenter":"裁剪","stationType":"劈片","section":"裁剪
"deviceFirst":"","deviceSecond":"","stationNO":"CJ005","stationName":"CJ005","stationCenter":"裁剪","stationType":"计件","section":"裁剪
"deviceFirst":"","deviceSecond":"","stationNO":"CJ006","stationName":"CJ006","stationCenter":"裁剪","stationType":"劈片","section":"裁剪
"deviceFirst":"1001","deviceSecond":"","stationNO":"S1","stationName":"S1","stationCenter":"上衣缝制一线","stationType":"上衣缝制-大部件上吊挂","section":"大部件上架点1
"deviceFirst":"1002","deviceSecond":"","stationNO":"S2","stationName":"S2","stationCenter":"上衣缝制一线","stationType":"上衣缝制-小部件上吊挂","section":"小部件上架点1
"deviceFirst":"2001","deviceSecond":"","stationNO":"WS001","stationName":"Q1","stationCenter":"上衣缝制一线","stationType":"缝制工位","section":"大部件1
"deviceFirst":"2002","deviceSecond":"","stationNO":"WS002","stationName":"Q2","stationCenter":"上衣缝制一线","stationType":"缝制工位","section":"大部件1
"deviceFirst":"2003","deviceSecond":"","stationNO":"WS003","stationName":"Q3","stationCenter":"上衣缝制一线","stationType":"缝制工位","section":"大部件1
"deviceFirst":"2004","deviceSecond":"","stationNO":"WS004","stationName":"Q4","stationCenter":"上衣缝制一线","stationType":"缝制工位","section":"大部件1
"deviceFirst":"2005","deviceSecond":"","stationNO":"WS005","stationName":"Q5","stationCenter":"上衣缝制一线","stationType":"缝制工位","section":"大部件1
"deviceFirst":"2006","deviceSecond":"","stationNO":"WS006","stationName":"Q6B","stationCenter":"上衣缝制一线","stationType":"缝制工位","section":"大部件1
"deviceFirst":"2007","deviceSecond":"","stationNO":"WS007","stationName":"Q7","stationCenter":"上衣缝制一线","stationType":"缝制工位","section":"大部件1
"deviceFirst":"2008","deviceSecond":"","stationNO":"WS008","stationName":"Q8","stationCenter":"上衣缝制一线","stationType":"缝制工位","section":"大部件1
"deviceFirst":"2009","deviceSecond":"","stationNO":"WS009","stationName":"Q9","stationCenter":"上衣缝制一线","stationType":"缝制工位","section":"大部件1
"deviceFirst":"2010","deviceSecond":"","stationNO":"WS010","stationName":"Q10","stationCenter":"上衣缝制一线","stationType":"缝制工位","section":"大部件1
"deviceFirst":"2011","deviceSecond":"","stationNO":"WS011","stationName":"Q11","stationCenter":"上衣缝制一线","stationType":"缝制工位","section":"大部件1
"deviceFirst":"2012","deviceSecond":"","stationNO":"WS012","stationName":"Q12","stationCenter":"上衣缝制一线","stationType":"缝制工位","section":"大部件1
"deviceFirst":"2013","deviceSecond":"","stationNO":"WS013","stationName":"Q13","stationCenter":"上衣缝制一线","stationType":"缝制工位","section":"大部件1
"deviceFirst":"2014","deviceSecond":"","stationNO":"WS014","stationName":"Q14","stationCenter":"上衣缝制一线","stationType":"缝制工位","section":"大部件1
"deviceFirst":"2015","deviceSecond":"","stationNO":"WS015","stationName":"G1","stationCenter":"上衣缝制一线","stationType":"缝制工位","section":"大部件1
"deviceFirst":"2016","deviceSecond":"","stationNO":"WS016","stationName":"G2","stationCenter":"上衣缝制一线","stationType":"缝制工位","section":"大部件1
"deviceFirst":"2017","deviceSecond":"","stationNO":"WS017","stationName":"G3","stationCenter":"上衣缝制一线","stationType":"缝制工位","section":"大部件1
"deviceFirst":"2018","deviceSecond":"","stationNO":"WS018","stationName":"G4","stationCenter":"上衣缝制一线","stationType":"缝制工位","section":"大部件1
"deviceFirst":"2019","deviceSecond":"","stationNO":"WS019","stationName":"G5","stationCenter":"上衣缝制一线","stationType":"缝制工位","section":"大部件1
"deviceFirst":"2020","deviceSecond":"","stationNO":"WS020","stationName":"G6","stationCenter":"上衣缝制一线","stationType":"缝制工位","section":"大部件1
"deviceFirst":"2021","deviceSecond":"","stationNO":"WS021","stationName":"G7","stationCenter":"上衣缝制一线","stationType":"缝制工位","section":"大部件1
"deviceFirst":"2022","deviceSecond":"","stationNO":"WS022","stationName":"G8","stationCenter":"上衣缝制一线","stationType":"缝制工位","section":"大部件1
"deviceFirst":"2023","deviceSecond":"","stationNO":"WS023","stationName":"G9B","stationCenter":"上衣缝制一线","stationType":"缝制工位","section":"大部件1
"deviceFirst":"2024","deviceSecond":"","stationNO":"WS024","stationName":"G10","stationCenter":"上衣缝制一线","stationType":"缝制工位","section":"大部件1
"deviceFirst":"2025","deviceSecond":"","stationNO":"WS025","stationName":"G11","stationCenter":"上衣缝制一线","stationType":"缝制工位","section":"大部件1
"deviceFirst":"2026","deviceSecond":"","stationNO":"WS026","stationName":"G12","stationCenter":"上衣缝制一线","stationType":"缝制工位","section":"大部件1
"deviceFirst":"2027","deviceSecond":"","stationNO":"WS027","stationName":"G13","stationCenter":"上衣缝制一线","stationType":"缝制工位","section":"大部件1
"deviceFirst":"2028","deviceSecond":"","stationNO":"WS028","stationName":"G14B","stationCenter":"上衣缝制一线","stationType":"缝制工位","section":"大部件1
"deviceFirst":"2029","deviceSecond":"","stationNO":"WS029","stationName":"G15","stationCenter":"上衣缝制一线","stationType":"缝制工位","section":"大部件1
"deviceFirst":"2030","deviceSecond":"","stationNO":"WS030","stationName":"G16","stationCenter":"上衣缝制一线","stationType":"缝制工位","section":"大部件1
"deviceFirst":"2031","deviceSecond":"","stationNO":"WS031","stationName":"G17","stationCenter":"上衣缝制一线","stationType":"缝制工位","section":"大部件1
"deviceFirst":"2032","deviceSecond":"","stationNO":"WS032","stationName":"G18","stationCenter":"上衣缝制一线","stationType":"缝制工位","section":"大部件1
"deviceFirst":"2033","deviceSecond":"","stationNO":"WS033","stationName":"G19","stationCenter":"上衣缝制一线","stationType":"缝制工位","section":"大部件1
"deviceFirst":"2034","deviceSecond":"","stationNO":"WS034","stationName":"G20","stationCenter":"上衣缝制一线","stationType":"缝制工位","section":"大部件1
"deviceFirst":"2036","deviceSecond":"2035","stationNO":"WS036","stationName":"G21J","stationCenter":"上衣缝制一线","stationType":"中段抽检","section":"大部件1
"deviceFirst":"3001","deviceSecond":"","stationNO":"WS037","stationName":"H1","stationCenter":"上衣缝制一线","stationType":"缝制工位","section":"小部件1
"deviceFirst":"3002","deviceSecond":"","stationNO":"WS038","stationName":"H2","stationCenter":"上衣缝制一线","stationType":"缝制工位","section":"小部件1
"deviceFirst":"3003","deviceSecond":"","stationNO":"WS039","stationName":"H3","stationCenter":"上衣缝制一线","stationType":"缝制工位","section":"小部件1
"deviceFirst":"3004","deviceSecond":"","stationNO":"WS040","stationName":"H4B","stationCenter":"上衣缝制一线","stationType":"缝制工位","section":"小部件1
"deviceFirst":"3005","deviceSecond":"","stationNO":"WS041","stationName":"H5","stationCenter":"上衣缝制一线","stationType":"缝制工位","section":"小部件1
"deviceFirst":"3006","deviceSecond":"","stationNO":"WS042","stationName":"H6","stationCenter":"上衣缝制一线","stationType":"缝制工位","section":"小部件1
"deviceFirst":"3007","deviceSecond":"","stationNO":"WS043","stationName":"H7","stationCenter":"上衣缝制一线","stationType":"缝制工位","section":"小部件1
"deviceFirst":"3008","deviceSecond":"","stationNO":"WS044","stationName":"X1","stationCenter":"上衣缝制一线","stationType":"缝制工位","section":"小部件1
"deviceFirst":"3009","deviceSecond":"","stationNO":"WS045","stationName":"LN1B","stationCenter":"上衣缝制一线","stationType":"缝制工位","section":"小部件1
"deviceFirst":"3010","deviceSecond":"","stationNO":"WS046","stationName":"LN2","stationCenter":"上衣缝制一线","stationType":"缝制工位","section":"小部件1
"deviceFirst":"3011","deviceSecond":"","stationNO":"WS047","stationName":"LN3B","stationCenter":"上衣缝制一线","stationType":"缝制工位","section":"小部件1
"deviceFirst":"3012","deviceSecond":"","stationNO":"WS048","stationName":"X2","stationCenter":"上衣缝制一线","stationType":"缝制工位","section":"小部件1
"deviceFirst":"3013","deviceSecond":"","stationNO":"WS049","stationName":"X3","stationCenter":"上衣缝制一线","stationType":"缝制工位","section":"小部件1
"deviceFirst":"3014","deviceSecond":"","stationNO":"WS050","stationName":"X4","stationCenter":"上衣缝制一线","stationType":"缝制工位","section":"小部件1
"deviceFirst":"3015","deviceSecond":"","stationNO":"WS051","stationName":"X5","stationCenter":"上衣缝制一线","stationType":"缝制工位","section":"小部件1
"deviceFirst":"3016","deviceSecond":"","stationNO":"WS052","stationName":"X6","stationCenter":"上衣缝制一线","stationType":"缝制工位","section":"小部件1
"deviceFirst":"3017","deviceSecond":"","stationNO":"WS053","stationName":"X7","stationCenter":"上衣缝制一线","stationType":"缝制工位","section":"小部件1
"deviceFirst":"3018","deviceSecond":"","stationNO":"WS054","stationName":"X8","stationCenter":"上衣缝制一线","stationType":"缝制工位","section":"小部件1
"deviceFirst":"3019","deviceSecond":"","stationNO":"WS055","stationName":"X9","stationCenter":"上衣缝制一线","stationType":"缝制工位","section":"小部件1
"deviceFirst":"3020","deviceSecond":"","stationNO":"WS056","stationName":"X10","stationCenter":"上衣缝制一线","stationType":"缝制工位","section":"小部件1
"deviceFirst":"3021","deviceSecond":"","stationNO":"WS057","stationName":"X11","stationCenter":"上衣缝制一线","stationType":"缝制工位","section":"小部件1
"deviceFirst":"3022","deviceSecond":"","stationNO":"WS058","stationName":"X12","stationCenter":"上衣缝制一线","stationType":"缝制工位","section":"小部件1
"deviceFirst":"3023","deviceSecond":"","stationNO":"WS059","stationName":"X13","stationCenter":"上衣缝制一线","stationType":"缝制工位","section":"小部件1
"deviceFirst":"3024","deviceSecond":"","stationNO":"WS060","stationName":"X14","stationCenter":"上衣缝制一线","stationType":"缝制工位","section":"小部件1
"deviceFirst":"3026","deviceSecond":"3025","stationNO":"WS062","stationName":"X15J","stationCenter":"上衣缝制一线","stationType":"中段抽检","section":"小部件1
"deviceFirst":"5002","deviceSecond":"5001","stationNO":"WS063","stationName":"5002","stationCenter":"上衣缝制一线","stationType":"裁片配对","section":"上衣组合缝制1
"deviceFirst":"5004","deviceSecond":"5003","stationNO":"WS064","stationName":"5004","stationCenter":"上衣缝制一线","stationType":"裁片配对","section":"上衣组合缝制1
"deviceFirst":"6001","deviceSecond":"","stationNO":"WS065","stationName":"Z1","stationCenter":"上衣缝制一线","stationType":"缝制工位","section":"上衣组合缝制1
"deviceFirst":"6002","deviceSecond":"","stationNO":"WS066","stationName":"Z2","stationCenter":"上衣缝制一线","stationType":"缝制工位","section":"上衣组合缝制1
"deviceFirst":"6003","deviceSecond":"","stationNO":"WS067","stationName":"Z3","stationCenter":"上衣缝制一线","stationType":"缝制工位","section":"上衣组合缝制1
"deviceFirst":"6004","deviceSecond":"","stationNO":"WS068","stationName":"Z4","stationCenter":"上衣缝制一线","stationType":"缝制工位","section":"上衣组合缝制1
"deviceFirst":"7001","deviceSecond":"","stationNO":"WS069","stationName":"Z5","stationCenter":"上衣缝制一线","stationType":"缝制工位","section":"上衣组合缝制1
"deviceFirst":"7002","deviceSecond":"","stationNO":"WS070","stationName":"Z6","stationCenter":"上衣缝制一线","stationType":"缝制工位","section":"上衣组合缝制1
"deviceFirst":"7003","deviceSecond":"","stationNO":"WS071","stationName":"Z7","stationCenter":"上衣缝制一线","stationType":"缝制工位","section":"上衣组合缝制1
"deviceFirst":"7004","deviceSecond":"","stationNO":"WS072","stationName":"Z8","stationCenter":"上衣缝制一线","stationType":"缝制工位","section":"上衣组合缝制1
"deviceFirst":"7005","deviceSecond":"","stationNO":"WS073","stationName":"Z9","stationCenter":"上衣缝制一线","stationType":"缝制工位","section":"上衣组合缝制1
"deviceFirst":"7006","deviceSecond":"","stationNO":"WS074","stationName":"Z10","stationCenter":"上衣缝制一线","stationType":"缝制工位","section":"上衣组合缝制1
"deviceFirst":"7007","deviceSecond":"","stationNO":"WS075","stationName":"Z11","stationCenter":"上衣缝制一线","stationType":"缝制工位","section":"上衣组合缝制1
"deviceFirst":"7008","deviceSecond":"","stationNO":"WS076","stationName":"Z12B","stationCenter":"上衣缝制一线","stationType":"缝制工位","section":"上衣组合缝制1
"deviceFirst":"7009","deviceSecond":"","stationNO":"WS077","stationName":"Z13","stationCenter":"上衣缝制一线","stationType":"缝制工位","section":"上衣组合缝制1
"deviceFirst":"7010","deviceSecond":"","stationNO":"WS078","stationName":"Z14","stationCenter":"上衣缝制一线","stationType":"缝制工位","section":"上衣组合缝制1
"deviceFirst":"7011","deviceSecond":"","stationNO":"WS079","stationName":"Z15","stationCenter":"上衣缝制一线","stationType":"缝制工位","section":"上衣组合缝制1
"deviceFirst":"7012","deviceSecond":"","stationNO":"WS080","stationName":"Z16","stationCenter":"上衣缝制一线","stationType":"缝制工位","section":"上衣组合缝制1
"deviceFirst":"7013","deviceSecond":"","stationNO":"WS081","stationName":"Z17","stationCenter":"上衣缝制一线","stationType":"缝制工位","section":"上衣组合缝制1
"deviceFirst":"7014","deviceSecond":"","stationNO":"WS082","stationName":"Z18","stationCenter":"上衣缝制一线","stationType":"缝制工位","section":"上衣组合缝制1
"deviceFirst":"7015","deviceSecond":"","stationNO":"WS083","stationName":"Z19","stationCenter":"上衣缝制一线","stationType":"缝制工位","section":"上衣组合缝制1
"deviceFirst":"7016","deviceSecond":"","stationNO":"WS084","stationName":"Z20","stationCenter":"上衣缝制一线","stationType":"缝制工位","section":"上衣组合缝制1
"deviceFirst":"7017","deviceSecond":"","stationNO":"WS085","stationName":"Z21","stationCenter":"上衣缝制一线","stationType":"缝制工位","section":"上衣组合缝制1
"deviceFirst":"7018","deviceSecond":"","stationNO":"WS086","stationName":"Z22","stationCenter":"上衣缝制一线","stationType":"缝制工位","section":"上衣组合缝制1
"deviceFirst":"7019","deviceSecond":"","stationNO":"WS087","stationName":"Z23","stationCenter":"上衣缝制一线","stationType":"缝制工位","section":"上衣组合缝制1
"deviceFirst":"7020","deviceSecond":"","stationNO":"WS088","stationName":"Z24","stationCenter":"上衣缝制一线","stationType":"缝制工位","section":"上衣组合缝制1
"deviceFirst":"7021","deviceSecond":"","stationNO":"WS089","stationName":"Z25","stationCenter":"上衣缝制一线","stationType":"缝制工位","section":"上衣组合缝制1
"deviceFirst":"7022","deviceSecond":"","stationNO":"WS090","stationName":"Z26","stationCenter":"上衣缝制一线","stationType":"缝制工位","section":"上衣组合缝制1
"deviceFirst":"7023","deviceSecond":"","stationNO":"WS091","stationName":"Z27","stationCenter":"上衣缝制一线","stationType":"缝制工位","section":"上衣组合缝制1
"deviceFirst":"7024","deviceSecond":"","stationNO":"WS092","stationName":"Z28","stationCenter":"上衣缝制一线","stationType":"缝制工位","section":"上衣组合缝制1
"deviceFirst":"7025","deviceSecond":"","stationNO":"WS093","stationName":"Z29","stationCenter":"上衣缝制一线","stationType":"缝制工位","section":"上衣组合缝制1
"deviceFirst":"7026","deviceSecond":"","stationNO":"WS094","stationName":"Z30","stationCenter":"上衣缝制一线","stationType":"缝制工位","section":"上衣组合缝制1
"deviceFirst":"7027","deviceSecond":"","stationNO":"WS095","stationName":"Z31B","stationCenter":"上衣缝制一线","stationType":"缝制工位","section":"上衣组合缝制1
"deviceFirst":"7028","deviceSecond":"","stationNO":"WS096","stationName":"Z32","stationCenter":"上衣缝制一线","stationType":"缝制工位","section":"上衣组合缝制1
"deviceFirst":"7029","deviceSecond":"","stationNO":"WS097","stationName":"Z33","stationCenter":"上衣缝制一线","stationType":"缝制工位","section":"上衣组合缝制1
"deviceFirst":"7030","deviceSecond":"","stationNO":"WS098","stationName":"Z34","stationCenter":"上衣缝制一线","stationType":"缝制工位","section":"上衣组合缝制1
"deviceFirst":"7031","deviceSecond":"","stationNO":"WS099","stationName":"Z35","stationCenter":"上衣缝制一线","stationType":"缝制工位","section":"上衣组合缝制1
"deviceFirst":"7032","deviceSecond":"","stationNO":"WS100","stationName":"Z36","stationCenter":"上衣缝制一线","stationType":"缝制工位","section":"上衣组合缝制1
"deviceFirst":"7033","deviceSecond":"","stationNO":"WS101","stationName":"Z37","stationCenter":"上衣缝制一线","stationType":"缝制工位","section":"上衣组合缝制1
"deviceFirst":"7035","deviceSecond":"7034","stationNO":"WS102","stationName":"Z38J","stationCenter":"上衣缝制一线","stationType":"中段全检","section":"上衣组合缝制1
"deviceFirst":"7036","deviceSecond":"","stationNO":"WS104","stationName":"Z39","stationCenter":"上衣缝制一线","stationType":"缝制工位","section":"上衣组合缝制1
"deviceFirst":"7037","deviceSecond":"","stationNO":"WS105","stationName":"Z40","stationCenter":"上衣缝制一线","stationType":"缝制工位","section":"上衣组合缝制1
"deviceFirst":"7038","deviceSecond":"","stationNO":"WS106","stationName":"Z41","stationCenter":"上衣缝制一线","stationType":"缝制工位","section":"上衣组合缝制1
"deviceFirst":"7040","deviceSecond":"7039","stationNO":"WS108","stationName":"Z42J","stationCenter":"上衣缝制一线","stationType":"中段全检","section":"上衣组合缝制1
"deviceFirst":"7041","deviceSecond":"","stationNO":"WS109","stationName":"Z43","stationCenter":"上衣缝制一线","stationType":"缝制工位","section":"上衣组合缝制1
"deviceFirst":"7042","deviceSecond":"","stationNO":"WS110","stationName":"Z44","stationCenter":"上衣缝制一线","stationType":"缝制工位","section":"上衣组合缝制1
"deviceFirst":"7043","deviceSecond":"","stationNO":"WS111","stationName":"Z45","stationCenter":"上衣缝制一线","stationType":"缝制工位","section":"上衣组合缝制1
"deviceFirst":"7044","deviceSecond":"","stationNO":"WS112","stationName":"Z46","stationCenter":"上衣缝制一线","stationType":"缝制工位","section":"上衣组合缝制1
"deviceFirst":"7045","deviceSecond":"","stationNO":"WS113","stationName":"Z47","stationCenter":"上衣缝制一线","stationType":"缝制工位","section":"上衣组合缝制1
"deviceFirst":"7046","deviceSecond":"","stationNO":"WS114","stationName":"Z48B","stationCenter":"上衣缝制一线","stationType":"缝制工位","section":"上衣组合缝制1
"deviceFirst":"7047","deviceSecond":"","stationNO":"WS115","stationName":"Z49","stationCenter":"上衣缝制一线","stationType":"缝制工位","section":"上衣组合缝制1
"deviceFirst":"7048","deviceSecond":"","stationNO":"WS116","stationName":"Z50","stationCenter":"上衣缝制一线","stationType":"缝制工位","section":"上衣组合缝制1
"deviceFirst":"7049","deviceSecond":"","stationNO":"WS117","stationName":"Z51","stationCenter":"上衣缝制一线","stationType":"缝制工位","section":"上衣组合缝制1
"deviceFirst":"7050","deviceSecond":"","stationNO":"WS118","stationName":"Z52","stationCenter":"上衣缝制一线","stationType":"缝制工位","section":"上衣组合缝制1
"deviceFirst":"7051","deviceSecond":"","stationNO":"WS119","stationName":"Z53","stationCenter":"上衣缝制一线","stationType":"缝制工位","section":"上衣组合缝制1
"deviceFirst":"7052","deviceSecond":"","stationNO":"WS120","stationName":"Z54","stationCenter":"上衣缝制一线","stationType":"缝制工位","section":"上衣组合缝制1
"deviceFirst":"7053","deviceSecond":"","stationNO":"WS121","stationName":"Z55","stationCenter":"上衣缝制一线","stationType":"缝制工位","section":"上衣组合缝制1
"deviceFirst":"7054","deviceSecond":"","stationNO":"WS122","stationName":"Z56B","stationCenter":"上衣缝制一线","stationType":"返修","section":"上衣组合缝制1
"deviceFirst":"7056","deviceSecond":"7055","stationNO":"WS124","stationName":"Z57J","stationCenter":"上衣缝制一线","stationType":"半成品质检","section":"上衣组合缝制1
"deviceFirst":"7058","deviceSecond":"7057","stationNO":"WS126","stationName":"Z58J","stationCenter":"上衣缝制一线","stationType":"返工","section":"上衣组合缝制1
"deviceFirst":"7059","deviceSecond":"","stationNO":"WS127","stationName":"Z59","stationCenter":"上衣缝制一线","stationType":"缝制工位","section":"上衣组合缝制1
"deviceFirst":"22002","deviceSecond":"22001","stationNO":"WS129","stationName":"Y1+","stationCenter":"上衣整烫","stationType":"后道下架控制","section":"上衣整烫
"deviceFirst":"22004","deviceSecond":"22003","stationNO":"WS131","stationName":"Y1","stationCenter":"上衣整烫","stationType":"后道下架控制","section":"上衣整烫
"deviceFirst":"22005","deviceSecond":"","stationNO":"WS132","stationName":"Y2","stationCenter":"上衣整烫","stationType":"大烫工位","section":"上衣整烫
"deviceFirst":"22006","deviceSecond":"","stationNO":"WS133","stationName":"Y3","stationCenter":"上衣整烫","stationType":"大烫工位","section":"上衣整烫
"deviceFirst":"22007","deviceSecond":"","stationNO":"WS134","stationName":"N1","stationCenter":"上衣整烫","stationType":"大烫工位","section":"上衣整烫
"deviceFirst":"22008","deviceSecond":"","stationNO":"WS135","stationName":"Y4","stationCenter":"上衣整烫","stationType":"大烫工位","section":"上衣整烫
"deviceFirst":"22009","deviceSecond":"","stationNO":"WS136","stationName":"N2","stationCenter":"上衣整烫","stationType":"大烫工位","section":"上衣整烫
"deviceFirst":"22010","deviceSecond":"","stationNO":"WS137","stationName":"Y5","stationCenter":"上衣整烫","stationType":"大烫工位","section":"上衣整烫
"deviceFirst":"23001","deviceSecond":"","stationNO":"WS138","stationName":"Y6","stationCenter":"上衣整烫","stationType":"大烫工位","section":"上衣整烫
"deviceFirst":"23002","deviceSecond":"","stationNO":"WS139","stationName":"Y7","stationCenter":"上衣整烫","stationType":"大烫工位","section":"上衣整烫
"deviceFirst":"23003","deviceSecond":"","stationNO":"WS140","stationName":"Y8","stationCenter":"上衣整烫","stationType":"大烫工位","section":"上衣整烫
"deviceFirst":"23004","deviceSecond":"","stationNO":"WS141","stationName":"Y9","stationCenter":"上衣整烫","stationType":"大烫工位","section":"上衣整烫
"deviceFirst":"23005","deviceSecond":"","stationNO":"WS142","stationName":"Y10","stationCenter":"上衣整烫","stationType":"大烫工位","section":"上衣整烫
"deviceFirst":"23006","deviceSecond":"","stationNO":"WS143","stationName":"N3","stationCenter":"上衣整烫","stationType":"大烫工位","section":"上衣整烫
"deviceFirst":"23007","deviceSecond":"","stationNO":"WS144","stationName":"Y11","stationCenter":"上衣整烫","stationType":"大烫工位","section":"上衣整烫
"deviceFirst":"23008","deviceSecond":"","stationNO":"WS145","stationName":"Y12","stationCenter":"上衣整烫","stationType":"大烫工位","section":"上衣整烫
"deviceFirst":"23009","deviceSecond":"","stationNO":"WS146","stationName":"Y13","stationCenter":"上衣整烫","stationType":"大烫工位","section":"上衣整烫
"deviceFirst":"23010","deviceSecond":"","stationNO":"WS147","stationName":"Y14","stationCenter":"上衣整烫","stationType":"大烫工位","section":"上衣整烫
"deviceFirst":"23011","deviceSecond":"","stationNO":"WS148","stationName":"Y15","stationCenter":"上衣整烫","stationType":"大烫工位","section":"上衣整烫
"deviceFirst":"23012","deviceSecond":"","stationNO":"WS149","stationName":"Y16","stationCenter":"上衣整烫","stationType":"大烫工位","section":"上衣整烫
"deviceFirst":"23013","deviceSecond":"","stationNO":"WS150","stationName":"Y17","stationCenter":"上衣整烫","stationType":"大烫工位","section":"上衣整烫
"deviceFirst":"23014","deviceSecond":"","stationNO":"WS151","stationName":"Y18B","stationCenter":"上衣整烫","stationType":"大烫工位","section":"上衣整烫
"deviceFirst":"23015","deviceSecond":"","stationNO":"WS152","stationName":"Y19B","stationCenter":"上衣整烫","stationType":"大烫工位","section":"上衣整烫
"deviceFirst":"23016","deviceSecond":"","stationNO":"WS153","stationName":"Y20","stationCenter":"上衣整烫","stationType":"大烫工位","section":"上衣整烫
"deviceFirst":"23018","deviceSecond":"23017","stationNO":"WS155","stationName":"Y21","stationCenter":"上衣整烫","stationType":"大烫工位","section":"上衣整烫
"deviceFirst":"23020","deviceSecond":"23019","stationNO":"WS157","stationName":"Y22","stationCenter":"上衣整烫","stationType":"大烫工位","section":"上衣整烫
"deviceFirst":"23022","deviceSecond":"23021","stationNO":"WS159","stationName":"Y23","stationCenter":"上衣整烫","stationType":"大烫工位","section":"上衣整烫
"deviceFirst":"23024","deviceSecond":"23023","stationNO":"WS161","stationName":"Y24","stationCenter":"上衣整烫","stationType":"成品质检","section":"上衣整烫
"deviceFirst":"23025","deviceSecond":"","stationNO":"WS162","stationName":"Y25","stationCenter":"上衣整烫","stationType":"大烫工位","section":"上衣整烫
"deviceFirst":"23026","deviceSecond":"","stationNO":"WS163","stationName":"Y26","stationCenter":"上衣整烫","stationType":"大烫工位","section":"上衣整烫
"deviceFirst":"23027","deviceSecond":"","stationNO":"WS164","stationName":"Y27","stationCenter":"上衣整烫","stationType":"大烫工位","section":"上衣整烫
"deviceFirst":"23028","deviceSecond":"","stationNO":"WS165","stationName":"Y28","stationCenter":"上衣整烫","stationType":"大烫工位","section":"上衣整烫
"deviceFirst":"26002","deviceSecond":"26001","stationNO":"WS166","stationName":"PK1","stationCenter":"包装","stationType":"成品配对","section":"成品下架
"deviceFirst":"26004","deviceSecond":"26003","stationNO":"WS167","stationName":"PK2","stationCenter":"包装","stationType":"成品配对","section":"成品下架
"deviceFirst":"26006","deviceSecond":"26005","stationNO":"WS168","stationName":"PK3","stationCenter":"包装","stationType":"成品配对","section":"成品下架
"deviceFirst":"26008","deviceSecond":"26007","stationNO":"WS169","stationName":"PK4","stationCenter":"包装","stationType":"成品配对","section":"成品下架
"deviceFirst":"26010","deviceSecond":"26009","stationNO":"WS170","stationName":"PK5","stationCenter":"包装","stationType":"成品配对","section":"成品下架
"deviceFirst":"26012","deviceSecond":"26011","stationNO":"WS171","stationName":"PK6","stationCenter":"包装","stationType":"成品配对","section":"成品下架
"deviceFirst":"26014","deviceSecond":"26013","stationNO":"WS172","stationName":"PK7","stationCenter":"包装","stationType":"成品配对","section":"成品下架
"deviceFirst":"26016","deviceSecond":"26015","stationNO":"WS173","stationName":"PK8","stationCenter":"包装","stationType":"成品配对","section":"成品下架
